date,code,title,price,shipping
2019-09-25,B07VMGLJ3Z,Vardinon Guardian Mattress Protector and Pillow Protector 50/70 cm,6.21,9
2019-09-25,B07VMGLJ3Z,Vardinon Guardian Mattress Protector and Pillow Protector 50/70 cm,6.21,9
2019-09-25,B07VMGLJ3Z,Vardinon Guardian Mattress Protector and Pillow Protector 50/70 cm,6.21,9
2019-09-25,B07VMGLJ3Z,Vardinon Guardian Mattress Protector and Pillow Protector 50/70 cm,6.21,9
2019-09-25,B07VMGLJ3Z,Vardinon Guardian Mattress Protector and Pillow Protector 50/70 cm,6.21,9
2019-09-25,B07VMGLJ3Z,Vardinon Guardian Mattress Protector and Pillow Protector 50/70 cm,6.21,9
2019-09-25,B07VMGLJ3Z,Vardinon Guardian Mattress Protector and Pillow Protector 50/70 cm,6.21,9
2019-09-25,B07VMGLJ3Z,Vardinon Guardian Mattress Protector and Pillow Protector 50/70 cm,6.21,9
2019-09-25,B07VMGLJ3Z,Vardinon Guardian Mattress Protector and Pillow Protector 50/70 cm,6.21,9
2019-09-25,B07VMGLJ3Z,Vardinon Guardian Mattress Protector and Pillow Protector 50/70 cm,6.21,9
2019-09-25,B07VMGLJ3Z,Vardinon Guardian Mattress Protector and Pillow Protector 50/70 cm,6.21,9
2019-09-25,B07VMGLJ3Z,Vardinon Guardian Mattress Protector and Pillow Protector 50/70 cm,6.21,9
